,color_id,model_id,grade_id,color_name,price,img_url
1,3,0,0,Metallic Silver,30000,https://toyota.jp/tcv/resources/aqua/002_p_006/images/color/bc_1f7.jpg
2,2,0,0,Matte Black,20000,https://toyota.jp/tcv/resources/yaris/001_p_007/images/color/bc_2sq.jpg
3,1,0,0,Emotional Red,0,https://toyota.jp/tcv/resources/yaris/001_p_007/images/color/bc_3t3.jpg
4,1,0,1,Emotional Red,0,https://toyota.jp/tcv/resources/yaris/001_p_007/images/color/bc_3t3.jpg
5,2,0,1,Matte Black,20000,https://toyota.jp/tcv/resources/yaris/001_p_007/images/color/bc_2sq.jpg
6,1,0,2,Emotional Red,0,https://toyota.jp/tcv/resources/yaris/001_p_007/images/color/bc_3t3.jpg
7,2,0,3,Matte Black,20000,https://toyota.jp/tcv/resources/yaris/001_p_007/images/color/bc_2sq.jpg
8,1,0,4,Emotional Red,0,https://toyota.jp/tcv/resources/yaris/001_p_007/images/color/bc_3t3.jpg
9,2,0,5,Matte Black,20000,https://toyota.jp/tcv/resources/yaris/001_p_007/images/color/bc_2sq.jpg
10,1,0,6,Emotional Red,0,https://toyota.jp/tcv/resources/yaris/001_p_007/images/color/bc_3t3.jpg
11,2,0,7,Matte Black,20000,https://toyota.jp/tcv/resources/yaris/001_p_007/images/color/bc_2sq.jpg
12,1,0,8,Emotional Red,0,https://toyota.jp/tcv/resources/yaris/001_p_007/images/color/bc_3t3.jpg
13,2,1,0,Matte Black,20000,https://toyota.jp/tcv/resources/yaris/001_p_007/images/color/bc_2sq.jpg
14,1,1,1,Emotional Red,0,https://toyota.jp/tcv/resources/yaris/001_p_007/images/color/bc_3t3.jpg
15,2,1,2,Matte Black,20000,https://toyota.jp/tcv/resources/yaris/001_p_007/images/color/bc_2sq.jpg
16,1,1,3,Emotional Red,0,https://toyota.jp/tcv/resources/yaris/001_p_007/images/color/bc_3t3.jpg
17,2,1,4,Matte Black,20000,https://toyota.jp/tcv/resources/yaris/001_p_007/images/color/bc_2sq.jpg
18,1,1,5,Emotional Red,0,https://toyota.jp/tcv/resources/yaris/001_p_007/images/color/bc_3t3.jpg
19,2,2,0,Matte Black,20000,https://toyota.jp/tcv/resources/yaris/001_p_007/images/color/bc_2sq.jpg
20,1,2,1,Emotional Red,0,https://toyota.jp/tcv/resources/yaris/001_p_007/images/color/bc_3t3.jpg
21,2,2,2,Matte Black,20000,https://toyota.jp/tcv/resources/yaris/001_p_007/images/color/bc_2sq.jpg
22,1,2,3,Emotional Red,0,https://toyota.jp/tcv/resources/yaris/001_p_007/images/color/bc_3t3.jpg
23,2,2,4,Matte Black,20000,https://toyota.jp/tcv/resources/yaris/001_p_007/images/color/bc_2sq.jpg
24,1,2,5,Emotional Red,0,https://toyota.jp/tcv/resources/yaris/001_p_007/images/color/bc_3t3.jpg
25,2,2,6,Matte Black,20000,https://toyota.jp/tcv/resources/yaris/001_p_007/images/color/bc_2sq.jpg
26,1,2,7,Emotional Red,0,https://toyota.jp/tcv/resources/yaris/001_p_007/images/color/bc_3t3.jpg
27,2,2,8,Matte Black,20000,https://toyota.jp/tcv/resources/yaris/001_p_007/images/color/bc_2sq.jpg
28,1,2,9,Emotional Red,0,https://toyota.jp/tcv/resources/yaris/001_p_007/images/color/bc_3t3.jpg
29,2,2,10,Matte Black,20000,https://toyota.jp/tcv/resources/yaris/001_p_007/images/color/bc_2sq.jpg
30,1,2,11,Emotional Red,0,https://toyota.jp/tcv/resources/yaris/001_p_007/images/color/bc_3t3.jpg
31,2,2,12,Matte Black,20000,https://toyota.jp/tcv/resources/yaris/001_p_007/images/color/bc_2sq.jpg
32,1,2,13,Emotional Red,0,https://toyota.jp/tcv/resources/yaris/001_p_007/images/color/bc_3t3.jpg
33,2,2,14,Matte Black,20000,https://toyota.jp/tcv/resources/yaris/001_p_007/images/color/bc_2sq.jpg
34,1,2,15,Emotional Red,0,https://toyota.jp/tcv/resources/yaris/001_p_007/images/color/bc_3t3.jpg
35,2,2,16,Matte Black,20000,https://toyota.jp/tcv/resources/yaris/001_p_007/images/color/bc_2sq.jpg
36,1,3,0,Emotional Red,0,https://toyota.jp/tcv/resources/yaris/001_p_007/images/color/bc_3t3.jpg
37,2,3,1,Matte Black,20000,https://toyota.jp/tcv/resources/yaris/001_p_007/images/color/bc_2sq.jpg
38,1,3,2,Emotional Red,0,https://toyota.jp/tcv/resources/yaris/001_p_007/images/color/bc_3t3.jpg
39,2,3,3,Matte Black,20000,https://toyota.jp/tcv/resources/yaris/001_p_007/images/color/bc_2sq.jpg
40,1,3,4,Emotional Red,0,https://toyota.jp/tcv/resources/yaris/001_p_007/images/color/bc_3t3.jpg
41,2,3,5,Matte Black,20000,https://toyota.jp/tcv/resources/yaris/001_p_007/images/color/bc_2sq.jpg
42,1,3,6,Emotional Red,0,https://toyota.jp/tcv/resources/yaris/001_p_007/images/color/bc_3t3.jpg
43,2,3,7,Matte Black,20000,https://toyota.jp/tcv/resources/yaris/001_p_007/images/color/bc_2sq.jpg
44,1,4,0,Emotional Red,0,https://toyota.jp/tcv/resources/yaris/001_p_007/images/color/bc_3t3.jpg
45,2,4,1,Matte Black,20000,https://toyota.jp/tcv/resources/yaris/001_p_007/images/color/bc_2sq.jpg
46,1,4,2,Emotional Red,0,https://toyota.jp/tcv/resources/yaris/001_p_007/images/color/bc_3t3.jpg
47,2,4,3,Matte Black,20000,https://toyota.jp/tcv/resources/yaris/001_p_007/images/color/bc_2sq.jpg
48,1,4,4,Emotional Red,0,https://toyota.jp/tcv/resources/yaris/001_p_007/images/color/bc_3t3.jpg
49,2,4,5,Matte Black,20000,https://toyota.jp/tcv/resources/yaris/001_p_007/images/color/bc_2sq.jpg
50,1,5,0,Emotional Red,0,https://toyota.jp/tcv/resources/yaris/001_p_007/images/color/bc_3t3.jpg
51,2,5,1,Matte Black,20000,https://toyota.jp/tcv/resources/yaris/001_p_007/images/color/bc_2sq.jpg
52,1,5,2,Emotional Red,0,https://toyota.jp/tcv/resources/yaris/001_p_007/images/color/bc_3t3.jpg
53,2,5,3,Matte Black,20000,https://toyota.jp/tcv/resources/yaris/001_p_007/images/color/bc_2sq.jpg
54,1,5,4,Emotional Red,0,https://toyota.jp/tcv/resources/yaris/001_p_007/images/color/bc_3t3.jpg
55,2,5,5,Matte Black,20000,https://toyota.jp/tcv/resources/yaris/001_p_007/images/color/bc_2sq.jpg
56,1,6,0,Emotional Red,0,https://toyota.jp/tcv/resources/yaris/001_p_007/images/color/bc_3t3.jpg
57,2,6,1,Matte Black,20000,https://toyota.jp/tcv/resources/yaris/001_p_007/images/color/bc_2sq.jpg
58,1,6,2,Emotional Red,0,https://toyota.jp/tcv/resources/yaris/001_p_007/images/color/bc_3t3.jpg
59,2,6,3,Matte Black,20000,https://toyota.jp/tcv/resources/yaris/001_p_007/images/color/bc_2sq.jpg
60,1,6,4,Emotional Red,0,https://toyota.jp/tcv/resources/yaris/001_p_007/images/color/bc_3t3.jpg
61,2,6,5,Matte Black,20000,https://toyota.jp/tcv/resources/yaris/001_p_007/images/color/bc_2sq.jpg
62,1,6,6,Emotional Red,0,https://toyota.jp/tcv/resources/yaris/001_p_007/images/color/bc_3t3.jpg
63,2,6,7,Matte Black,20000,https://toyota.jp/tcv/resources/yaris/001_p_007/images/color/bc_2sq.jpg
64,1,6,8,Emotional Red,0,https://toyota.jp/tcv/resources/yaris/001_p_007/images/color/bc_3t3.jpg
65,2,6,9,Matte Black,20000,https://toyota.jp/tcv/resources/yaris/001_p_007/images/color/bc_2sq.jpg
66,1,6,10,Emotional Red,0,https://toyota.jp/tcv/resources/yaris/001_p_007/images/color/bc_3t3.jpg
67,2,7,0,Matte Black,20000,https://toyota.jp/tcv/resources/yaris/001_p_007/images/color/bc_2sq.jpg
68,1,7,1,Emotional Red,0,https://toyota.jp/tcv/resources/yaris/001_p_007/images/color/bc_3t3.jpg
69,2,7,2,Matte Black,20000,https://toyota.jp/tcv/resources/yaris/001_p_007/images/color/bc_2sq.jpg
70,1,7,3,Emotional Red,0,https://toyota.jp/tcv/resources/yaris/001_p_007/images/color/bc_3t3.jpg
71,2,7,4,Matte Black,20000,https://toyota.jp/tcv/resources/yaris/001_p_007/images/color/bc_2sq.jpg
72,1,7,5,Emotional Red,0,https://toyota.jp/tcv/resources/yaris/001_p_007/images/color/bc_3t3.jpg
73,2,7,6,Matte Black,20000,https://toyota.jp/tcv/resources/yaris/001_p_007/images/color/bc_2sq.jpg
74,1,7,7,Emotional Red,0,https://toyota.jp/tcv/resources/yaris/001_p_007/images/color/bc_3t3.jpg
75,2,7,8,Matte Black,20000,https://toyota.jp/tcv/resources/yaris/001_p_007/images/color/bc_2sq.jpg
76,1,7,9,Emotional Red,0,https://toyota.jp/tcv/resources/yaris/001_p_007/images/color/bc_3t3.jpg
77,2,7,10,Matte Black,20000,https://toyota.jp/tcv/resources/yaris/001_p_007/images/color/bc_2sq.jpg
78,1,7,11,Emotional Red,0,https://toyota.jp/tcv/resources/yaris/001_p_007/images/color/bc_3t3.jpg
79,2,7,12,Matte Black,20000,https://toyota.jp/tcv/resources/yaris/001_p_007/images/color/bc_2sq.jpg
80,1,7,13,Emotional Red,0,https://toyota.jp/tcv/resources/yaris/001_p_007/images/color/bc_3t3.jpg
81,2,7,14,Matte Black,20000,https://toyota.jp/tcv/resources/yaris/001_p_007/images/color/bc_2sq.jpg
82,1,7,15,Emotional Red,0,https://toyota.jp/tcv/resources/yaris/001_p_007/images/color/bc_3t3.jpg
83,2,7,16,Matte Black,20000,https://toyota.jp/tcv/resources/yaris/001_p_007/images/color/bc_2sq.jpg
84,1,7,17,Emotional Red,0,https://toyota.jp/tcv/resources/yaris/001_p_007/images/color/bc_3t3.jpg
85,2,8,0,Matte Black,20000,https://toyota.jp/tcv/resources/yaris/001_p_007/images/color/bc_2sq.jpg
86,1,8,1,Emotional Red,0,https://toyota.jp/tcv/resources/yaris/001_p_007/images/color/bc_3t3.jpg
87,2,8,2,Matte Black,20000,https://toyota.jp/tcv/resources/yaris/001_p_007/images/color/bc_2sq.jpg
88,1,8,3,Emotional Red,0,https://toyota.jp/tcv/resources/yaris/001_p_007/images/color/bc_3t3.jpg
89,2,8,4,Matte Black,20000,https://toyota.jp/tcv/resources/yaris/001_p_007/images/color/bc_2sq.jpg
90,1,8,5,Emotional Red,0,https://toyota.jp/tcv/resources/yaris/001_p_007/images/color/bc_3t3.jpg
91,2,8,6,Matte Black,20000,https://toyota.jp/tcv/resources/yaris/001_p_007/images/color/bc_2sq.jpg
92,1,8,7,Emotional Red,0,https://toyota.jp/tcv/resources/yaris/001_p_007/images/color/bc_3t3.jpg
93,2,8,8,Matte Black,20000,https://toyota.jp/tcv/resources/yaris/001_p_007/images/color/bc_2sq.jpg
94,1,8,9,Emotional Red,0,https://toyota.jp/tcv/resources/yaris/001_p_007/images/color/bc_3t3.jpg
95,2,8,10,Matte Black,20000,https://toyota.jp/tcv/resources/yaris/001_p_007/images/color/bc_2sq.jpg
96,1,8,11,Emotional Red,0,https://toyota.jp/tcv/resources/yaris/001_p_007/images/color/bc_3t3.jpg
97,2,8,12,Matte Black,20000,https://toyota.jp/tcv/resources/yaris/001_p_007/images/color/bc_2sq.jpg
98,1,8,13,Emotional Red,0,https://toyota.jp/tcv/resources/yaris/001_p_007/images/color/bc_3t3.jpg
99,2,8,14,Matte Black,20000,https://toyota.jp/tcv/resources/yaris/001_p_007/images/color/bc_2sq.jpg
100,1,8,15,Emotional Red,0,https://toyota.jp/tcv/resources/yaris/001_p_007/images/color/bc_3t3.jpg
101,2,8,16,Matte Black,20000,https://toyota.jp/tcv/resources/yaris/001_p_007/images/color/bc_2sq.jpg
102,1,8,17,Emotional Red,0,https://toyota.jp/tcv/resources/yaris/001_p_007/images/color/bc_3t3.jpg
103,2,8,18,Matte Black,20000,https://toyota.jp/tcv/resources/yaris/001_p_007/images/color/bc_2sq.jpg
104,1,8,19,Emotional Red,0,https://toyota.jp/tcv/resources/yaris/001_p_007/images/color/bc_3t3.jpg
105,2,8,20,Matte Black,20000,https://toyota.jp/tcv/resources/yaris/001_p_007/images/color/bc_2sq.jpg
106,1,8,21,Emotional Red,0,https://toyota.jp/tcv/resources/yaris/001_p_007/images/color/bc_3t3.jpg
107,2,8,22,Matte Black,20000,https://toyota.jp/tcv/resources/yaris/001_p_007/images/color/bc_2sq.jpg
108,1,8,23,Emotional Red,0,https://toyota.jp/tcv/resources/yaris/001_p_007/images/color/bc_3t3.jpg
109,2,8,24,Matte Black,20000,https://toyota.jp/tcv/resources/yaris/001_p_007/images/color/bc_2sq.jpg
110,1,8,25,Emotional Red,0,https://toyota.jp/tcv/resources/yaris/001_p_007/images/color/bc_3t3.jpg
111,2,8,26,Matte Black,20000,https://toyota.jp/tcv/resources/yaris/001_p_007/images/color/bc_2sq.jpg
112,1,8,27,Emotional Red,0,https://toyota.jp/tcv/resources/yaris/001_p_007/images/color/bc_3t3.jpg
113,2,8,28,Matte Black,20000,https://toyota.jp/tcv/resources/yaris/001_p_007/images/color/bc_2sq.jpg
114,1,9,0,Emotional Red,0,https://toyota.jp/tcv/resources/yaris/001_p_007/images/color/bc_3t3.jpg
115,2,9,1,Matte Black,20000,https://toyota.jp/tcv/resources/yaris/001_p_007/images/color/bc_2sq.jpg
116,1,9,2,Emotional Red,0,https://toyota.jp/tcv/resources/yaris/001_p_007/images/color/bc_3t3.jpg
117,2,9,3,Matte Black,20000,https://toyota.jp/tcv/resources/yaris/001_p_007/images/color/bc_2sq.jpg
118,1,9,4,Emotional Red,0,https://toyota.jp/tcv/resources/yaris/001_p_007/images/color/bc_3t3.jpg
119,2,9,5,Matte Black,20000,https://toyota.jp/tcv/resources/yaris/001_p_007/images/color/bc_2sq.jpg
120,1,9,6,Emotional Red,0,https://toyota.jp/tcv/resources/yaris/001_p_007/images/color/bc_3t3.jpg
121,2,9,7,Matte Black,20000,https://toyota.jp/tcv/resources/yaris/001_p_007/images/color/bc_2sq.jpg
122,1,9,8,Emotional Red,0,https://toyota.jp/tcv/resources/yaris/001_p_007/images/color/bc_3t3.jpg
123,2,9,9,Matte Black,20000,https://toyota.jp/tcv/resources/yaris/001_p_007/images/color/bc_2sq.jpg
124,1,9,10,Emotional Red,0,https://toyota.jp/tcv/resources/yaris/001_p_007/images/color/bc_3t3.jpg
125,2,10,0,Matte Black,20000,https://toyota.jp/tcv/resources/yaris/001_p_007/images/color/bc_2sq.jpg
126,1,10,1,Emotional Red,0,https://toyota.jp/tcv/resources/yaris/001_p_007/images/color/bc_3t3.jpg
127,2,11,0,Matte Black,20000,https://toyota.jp/tcv/resources/yaris/001_p_007/images/color/bc_2sq.jpg
128,1,11,1,Emotional Red,0,https://toyota.jp/tcv/resources/yaris/001_p_007/images/color/bc_3t3.jpg
129,2,11,2,Matte Black,20000,https://toyota.jp/tcv/resources/yaris/001_p_007/images/color/bc_2sq.jpg
130,1,11,3,Emotional Red,0,https://toyota.jp/tcv/resources/yaris/001_p_007/images/color/bc_3t3.jpg
131,2,11,4,Matte Black,20000,https://toyota.jp/tcv/resources/yaris/001_p_007/images/color/bc_2sq.jpg
132,1,11,5,Emotional Red,0,https://toyota.jp/tcv/resources/yaris/001_p_007/images/color/bc_3t3.jpg
133,2,11,6,Matte Black,20000,https://toyota.jp/tcv/resources/yaris/001_p_007/images/color/bc_2sq.jpg
134,1,12,0,Emotional Red,0,https://toyota.jp/tcv/resources/yaris/001_p_007/images/color/bc_3t3.jpg
135,2,12,1,Matte Black,20000,https://toyota.jp/tcv/resources/yaris/001_p_007/images/color/bc_2sq.jpg
136,1,12,2,Emotional Red,0,https://toyota.jp/tcv/resources/yaris/001_p_007/images/color/bc_3t3.jpg
137,2,12,3,Matte Black,20000,https://toyota.jp/tcv/resources/yaris/001_p_007/images/color/bc_2sq.jpg
138,1,12,4,Emotional Red,0,https://toyota.jp/tcv/resources/yaris/001_p_007/images/color/bc_3t3.jpg
139,2,12,5,Matte Black,20000,https://toyota.jp/tcv/resources/yaris/001_p_007/images/color/bc_2sq.jpg
140,1,12,6,Emotional Red,0,https://toyota.jp/tcv/resources/yaris/001_p_007/images/color/bc_3t3.jpg
141,2,13,0,Matte Black,20000,https://toyota.jp/tcv/resources/yaris/001_p_007/images/color/bc_2sq.jpg
142,1,13,1,Emotional Red,0,https://toyota.jp/tcv/resources/yaris/001_p_007/images/color/bc_3t3.jpg
143,2,13,2,Matte Black,20000,https://toyota.jp/tcv/resources/yaris/001_p_007/images/color/bc_2sq.jpg
144,1,13,3,Emotional Red,0,https://toyota.jp/tcv/resources/yaris/001_p_007/images/color/bc_3t3.jpg
145,2,13,4,Matte Black,20000,https://toyota.jp/tcv/resources/yaris/001_p_007/images/color/bc_2sq.jpg
146,1,13,5,Emotional Red,0,https://toyota.jp/tcv/resources/yaris/001_p_007/images/color/bc_3t3.jpg
147,2,13,6,Matte Black,20000,https://toyota.jp/tcv/resources/yaris/001_p_007/images/color/bc_2sq.jpg
148,1,13,7,Emotional Red,0,https://toyota.jp/tcv/resources/yaris/001_p_007/images/color/bc_3t3.jpg
149,2,13,8,Matte Black,20000,https://toyota.jp/tcv/resources/yaris/001_p_007/images/color/bc_2sq.jpg
150,1,13,9,Emotional Red,0,https://toyota.jp/tcv/resources/yaris/001_p_007/images/color/bc_3t3.jpg
151,2,13,10,Matte Black,20000,https://toyota.jp/tcv/resources/yaris/001_p_007/images/color/bc_2sq.jpg
152,1,14,0,Emotional Red,0,https://toyota.jp/tcv/resources/yaris/001_p_007/images/color/bc_3t3.jpg
153,2,14,1,Matte Black,20000,https://toyota.jp/tcv/resources/yaris/001_p_007/images/color/bc_2sq.jpg
154,1,14,2,Emotional Red,0,https://toyota.jp/tcv/resources/yaris/001_p_007/images/color/bc_3t3.jpg
155,2,14,3,Matte Black,20000,https://toyota.jp/tcv/resources/yaris/001_p_007/images/color/bc_2sq.jpg
156,1,14,4,Emotional Red,0,https://toyota.jp/tcv/resources/yaris/001_p_007/images/color/bc_3t3.jpg
157,2,14,5,Matte Black,20000,https://toyota.jp/tcv/resources/yaris/001_p_007/images/color/bc_2sq.jpg
158,1,14,6,Emotional Red,0,https://toyota.jp/tcv/resources/yaris/001_p_007/images/color/bc_3t3.jpg
159,2,14,7,Matte Black,20000,https://toyota.jp/tcv/resources/yaris/001_p_007/images/color/bc_2sq.jpg
160,1,14,8,Emotional Red,0,https://toyota.jp/tcv/resources/yaris/001_p_007/images/color/bc_3t3.jpg
161,2,15,0,Matte Black,20000,https://toyota.jp/tcv/resources/yaris/001_p_007/images/color/bc_2sq.jpg
162,1,15,1,Emotional Red,0,https://toyota.jp/tcv/resources/yaris/001_p_007/images/color/bc_3t3.jpg
163,2,15,2,Matte Black,20000,https://toyota.jp/tcv/resources/yaris/001_p_007/images/color/bc_2sq.jpg
164,1,15,3,Emotional Red,0,https://toyota.jp/tcv/resources/yaris/001_p_007/images/color/bc_3t3.jpg
165,2,15,4,Matte Black,20000,https://toyota.jp/tcv/resources/yaris/001_p_007/images/color/bc_2sq.jpg
166,1,16,0,Emotional Red,0,https://toyota.jp/tcv/resources/yaris/001_p_007/images/color/bc_3t3.jpg
167,2,16,1,Matte Black,20000,https://toyota.jp/tcv/resources/yaris/001_p_007/images/color/bc_2sq.jpg
168,1,17,0,Emotional Red,0,https://toyota.jp/tcv/resources/yaris/001_p_007/images/color/bc_3t3.jpg
169,2,17,1,Matte Black,20000,https://toyota.jp/tcv/resources/yaris/001_p_007/images/color/bc_2sq.jpg
170,1,17,2,Emotional Red,0,https://toyota.jp/tcv/resources/yaris/001_p_007/images/color/bc_3t3.jpg
171,2,18,0,Matte Black,20000,https://toyota.jp/tcv/resources/yaris/001_p_007/images/color/bc_2sq.jpg
172,1,18,1,Emotional Red,0,https://toyota.jp/tcv/resources/yaris/001_p_007/images/color/bc_3t3.jpg
173,2,18,2,Matte Black,20000,https://toyota.jp/tcv/resources/yaris/001_p_007/images/color/bc_2sq.jpg
174,1,18,3,Emotional Red,0,https://toyota.jp/tcv/resources/yaris/001_p_007/images/color/bc_3t3.jpg
175,2,18,4,Matte Black,20000,https://toyota.jp/tcv/resources/yaris/001_p_007/images/color/bc_2sq.jpg
176,1,18,5,Emotional Red,0,https://toyota.jp/tcv/resources/yaris/001_p_007/images/color/bc_3t3.jpg
177,2,18,6,Matte Black,20000,https://toyota.jp/tcv/resources/yaris/001_p_007/images/color/bc_2sq.jpg
178,1,18,7,Emotional Red,0,https://toyota.jp/tcv/resources/yaris/001_p_007/images/color/bc_3t3.jpg
179,2,18,8,Matte Black,20000,https://toyota.jp/tcv/resources/yaris/001_p_007/images/color/bc_2sq.jpg
180,1,18,9,Emotional Red,0,https://toyota.jp/tcv/resources/yaris/001_p_007/images/color/bc_3t3.jpg
181,2,18,10,Matte Black,20000,https://toyota.jp/tcv/resources/yaris/001_p_007/images/color/bc_2sq.jpg
182,1,18,11,Emotional Red,0,https://toyota.jp/tcv/resources/yaris/001_p_007/images/color/bc_3t3.jpg
183,2,18,12,Matte Black,20000,https://toyota.jp/tcv/resources/yaris/001_p_007/images/color/bc_2sq.jpg
184,1,18,13,Emotional Red,0,https://toyota.jp/tcv/resources/yaris/001_p_007/images/color/bc_3t3.jpg
185,2,19,0,Matte Black,20000,https://toyota.jp/tcv/resources/yaris/001_p_007/images/color/bc_2sq.jpg
186,1,19,1,Emotional Red,0,https://toyota.jp/tcv/resources/yaris/001_p_007/images/color/bc_3t3.jpg
187,2,19,2,Matte Black,20000,https://toyota.jp/tcv/resources/yaris/001_p_007/images/color/bc_2sq.jpg
188,1,19,3,Emotional Red,0,https://toyota.jp/tcv/resources/yaris/001_p_007/images/color/bc_3t3.jpg
189,2,20,0,Matte Black,20000,https://toyota.jp/tcv/resources/yaris/001_p_007/images/color/bc_2sq.jpg
190,1,20,1,Emotional Red,0,https://toyota.jp/tcv/resources/yaris/001_p_007/images/color/bc_3t3.jpg
191,2,20,2,Matte Black,20000,https://toyota.jp/tcv/resources/yaris/001_p_007/images/color/bc_2sq.jpg
192,1,20,3,Emotional Red,0,https://toyota.jp/tcv/resources/yaris/001_p_007/images/color/bc_3t3.jpg
193,2,20,4,Matte Black,20000,https://toyota.jp/tcv/resources/yaris/001_p_007/images/color/bc_2sq.jpg
194,1,20,5,Emotional Red,0,https://toyota.jp/tcv/resources/yaris/001_p_007/images/color/bc_3t3.jpg
195,2,20,6,Matte Black,20000,https://toyota.jp/tcv/resources/yaris/001_p_007/images/color/bc_2sq.jpg
196,1,20,7,Emotional Red,0,https://toyota.jp/tcv/resources/yaris/001_p_007/images/color/bc_3t3.jpg
197,2,21,0,Matte Black,20000,https://toyota.jp/tcv/resources/yaris/001_p_007/images/color/bc_2sq.jpg
198,1,21,1,Emotional Red,0,https://toyota.jp/tcv/resources/yaris/001_p_007/images/color/bc_3t3.jpg
199,2,21,2,Matte Black,20000,https://toyota.jp/tcv/resources/yaris/001_p_007/images/color/bc_2sq.jpg
200,1,21,3,Emotional Red,0,https://toyota.jp/tcv/resources/yaris/001_p_007/images/color/bc_3t3.jpg
201,2,21,4,Matte Black,20000,https://toyota.jp/tcv/resources/yaris/001_p_007/images/color/bc_2sq.jpg
202,1,21,5,Emotional Red,0,https://toyota.jp/tcv/resources/yaris/001_p_007/images/color/bc_3t3.jpg
203,2,21,6,Matte Black,20000,https://toyota.jp/tcv/resources/yaris/001_p_007/images/color/bc_2sq.jpg
204,1,21,7,Emotional Red,0,https://toyota.jp/tcv/resources/yaris/001_p_007/images/color/bc_3t3.jpg
205,2,21,8,Matte Black,20000,https://toyota.jp/tcv/resources/yaris/001_p_007/images/color/bc_2sq.jpg
206,1,21,9,Emotional Red,0,https://toyota.jp/tcv/resources/yaris/001_p_007/images/color/bc_3t3.jpg
207,2,21,10,Matte Black,20000,https://toyota.jp/tcv/resources/yaris/001_p_007/images/color/bc_2sq.jpg
208,1,21,11,Emotional Red,0,https://toyota.jp/tcv/resources/yaris/001_p_007/images/color/bc_3t3.jpg
209,2,22,0,Matte Black,20000,https://toyota.jp/tcv/resources/yaris/001_p_007/images/color/bc_2sq.jpg
210,1,28,1,Emotional Red,0,https://toyota.jp/tcv/resources/yaris/001_p_007/images/color/bc_3t3.jpg
211,2,28,2,Matte Black,20000,https://toyota.jp/tcv/resources/yaris/001_p_007/images/color/bc_2sq.jpg
212,1,28,3,Emotional Red,0,https://toyota.jp/tcv/resources/yaris/001_p_007/images/color/bc_3t3.jpg
213,2,28,4,Matte Black,20000,https://toyota.jp/tcv/resources/yaris/001_p_007/images/color/bc_2sq.jpg
214,1,28,5,Emotional Red,0,https://toyota.jp/tcv/resources/yaris/001_p_007/images/color/bc_3t3.jpg
215,2,28,6,Matte Black,20000,https://toyota.jp/tcv/resources/yaris/001_p_007/images/color/bc_2sq.jpg
216,1,28,7,Emotional Red,0,https://toyota.jp/tcv/resources/yaris/001_p_007/images/color/bc_3t3.jpg
217,2,28,8,Matte Black,20000,https://toyota.jp/tcv/resources/yaris/001_p_007/images/color/bc_2sq.jpg
218,1,29,0,Emotional Red,0,https://toyota.jp/tcv/resources/yaris/001_p_007/images/color/bc_3t3.jpg
219,2,29,1,Matte Black,20000,https://toyota.jp/tcv/resources/yaris/001_p_007/images/color/bc_2sq.jpg
220,1,30,0,Emotional Red,0,https://toyota.jp/tcv/resources/yaris/001_p_007/images/color/bc_3t3.jpg
221,2,30,1,Matte Black,20000,https://toyota.jp/tcv/resources/yaris/001_p_007/images/color/bc_2sq.jpg
222,1,30,2,Emotional Red,0,https://toyota.jp/tcv/resources/yaris/001_p_007/images/color/bc_3t3.jpg
223,2,30,3,Matte Black,20000,https://toyota.jp/tcv/resources/yaris/001_p_007/images/color/bc_2sq.jpg
224,1,30,4,Emotional Red,0,https://toyota.jp/tcv/resources/yaris/001_p_007/images/color/bc_3t3.jpg
225,2,31,0,Matte Black,20000,https://toyota.jp/tcv/resources/yaris/001_p_007/images/color/bc_2sq.jpg
226,1,31,1,Emotional Red,0,https://toyota.jp/tcv/resources/yaris/001_p_007/images/color/bc_3t3.jpg
227,2,31,2,Matte Black,20000,https://toyota.jp/tcv/resources/yaris/001_p_007/images/color/bc_2sq.jpg
228,1,31,3,Emotional Red,0,https://toyota.jp/tcv/resources/yaris/001_p_007/images/color/bc_3t3.jpg
229,2,31,4,Matte Black,20000,https://toyota.jp/tcv/resources/yaris/001_p_007/images/color/bc_2sq.jpg
230,1,31,5,Emotional Red,0,https://toyota.jp/tcv/resources/yaris/001_p_007/images/color/bc_3t3.jpg
231,2,32,0,Matte Black,20000,https://toyota.jp/tcv/resources/yaris/001_p_007/images/color/bc_2sq.jpg
232,1,32,1,Emotional Red,0,https://toyota.jp/tcv/resources/yaris/001_p_007/images/color/bc_3t3.jpg
233,2,32,2,Matte Black,20000,https://toyota.jp/tcv/resources/yaris/001_p_007/images/color/bc_2sq.jpg
234,1,32,3,Emotional Red,0,https://toyota.jp/tcv/resources/yaris/001_p_007/images/color/bc_3t3.jpg
,2,33,0,Matte Black,20000,https://toyota.jp/tcv/resources/yaris/001_p_007/images/color/bc_2sq.jpg
